--
-- PostgreSQL database dump
--

-- Dumped from database version 14.7 (Homebrew)
-- Dumped by pg_dump version 14.7 (Homebrew)

SET statement_timeout = 0;
SET lock_timeout = 0;
SET idle_in_transaction_session_timeout = 0;
SET client_encoding = 'UTF8';
SET standard_conforming_strings = on;
SELECT pg_catalog.set_config('search_path', '', false);
SET check_function_bodies = false;
SET xmloption = content;
SET client_min_messages = warning;
SET row_security = off;

SET default_tablespace = '';

SET default_table_access_method = heap;

--
-- Name: app_comment; Type: TABLE; Schema: public; Owner: postgres
--

CREATE TABLE public.app_comment (
    id bigint NOT NULL,
    text text NOT NULL,
    created_at timestamp with time zone NOT NULL,
    updated_at timestamp with time zone NOT NULL,
    author_id bigint NOT NULL
);


ALTER TABLE public.app_comment OWNER TO postgres;

--
-- Name: app_comment_id_seq; Type: SEQUENCE; Schema: public; Owner: postgres
--

ALTER TABLE public.app_comment ALTER COLUMN id ADD GENERATED BY DEFAULT AS IDENTITY (
    SEQUENCE NAME public.app_comment_id_seq
    START WITH 1
    INCREMENT BY 1
    NO MINVALUE
    NO MAXVALUE
    CACHE 1
);


--
-- Name: app_post; Type: TABLE; Schema: public; Owner: postgres
--

CREATE TABLE public.app_post (
    id bigint NOT NULL,
    title character varying(255) NOT NULL,
    text text NOT NULL,
    image character varying(100),
    created_at timestamp with time zone NOT NULL,
    updated_at timestamp with time zone NOT NULL,
    author_id bigint NOT NULL
);


ALTER TABLE public.app_post OWNER TO postgres;

--
-- Name: app_post_comments; Type: TABLE; Schema: public; Owner: postgres
--

CREATE TABLE public.app_post_comments (
    id bigint NOT NULL,
    post_id bigint NOT NULL,
    comment_id bigint NOT NULL
);


ALTER TABLE public.app_post_comments OWNER TO postgres;

--
-- Name: app_post_comments_id_seq; Type: SEQUENCE; Schema: public; Owner: postgres
--

ALTER TABLE public.app_post_comments ALTER COLUMN id ADD GENERATED BY DEFAULT AS IDENTITY (
    SEQUENCE NAME public.app_post_comments_id_seq
    START WITH 1
    INCREMENT BY 1
    NO MINVALUE
    NO MAXVALUE
    CACHE 1
);


--
-- Name: app_post_id_seq; Type: SEQUENCE; Schema: public; Owner: postgres
--

ALTER TABLE public.app_post ALTER COLUMN id ADD GENERATED BY DEFAULT AS IDENTITY (
    SEQUENCE NAME public.app_post_id_seq
    START WITH 1
    INCREMENT BY 1
    NO MINVALUE
    NO MAXVALUE
    CACHE 1
);


--
-- Name: app_user; Type: TABLE; Schema: public; Owner: postgres
--

CREATE TABLE public.app_user (
    id bigint NOT NULL,
    password character varying(128) NOT NULL,
    last_login timestamp with time zone,
    is_superuser boolean NOT NULL,
    username character varying(150) NOT NULL,
    email character varying(254) NOT NULL,
    is_staff boolean NOT NULL,
    date_joined timestamp with time zone NOT NULL,
    first_name character varying(255) NOT NULL,
    last_name character varying(255) NOT NULL,
    phone_number character varying(20) NOT NULL,
    date_of_birth date,
    date_created timestamp with time zone NOT NULL,
    date_updated timestamp with time zone NOT NULL,
    is_active boolean NOT NULL
);


ALTER TABLE public.app_user OWNER TO postgres;

--
-- Name: app_user_groups; Type: TABLE; Schema: public; Owner: postgres
--

CREATE TABLE public.app_user_groups (
    id bigint NOT NULL,
    user_id bigint NOT NULL,
    group_id integer NOT NULL
);


ALTER TABLE public.app_user_groups OWNER TO postgres;

--
-- Name: app_user_groups_id_seq; Type: SEQUENCE; Schema: public; Owner: postgres
--

ALTER TABLE public.app_user_groups ALTER COLUMN id ADD GENERATED BY DEFAULT AS IDENTITY (
    SEQUENCE NAME public.app_user_groups_id_seq
    START WITH 1
    INCREMENT BY 1
    NO MINVALUE
    NO MAXVALUE
    CACHE 1
);


--
-- Name: app_user_id_seq; Type: SEQUENCE; Schema: public; Owner: postgres
--

ALTER TABLE public.app_user ALTER COLUMN id ADD GENERATED BY DEFAULT AS IDENTITY (
    SEQUENCE NAME public.app_user_id_seq
    START WITH 1
    INCREMENT BY 1
    NO MINVALUE
    NO MAXVALUE
    CACHE 1
);


--
-- Name: app_user_user_permissions; Type: TABLE; Schema: public; Owner: postgres
--

CREATE TABLE public.app_user_user_permissions (
    id bigint NOT NULL,
    user_id bigint NOT NULL,
    permission_id integer NOT NULL
);


ALTER TABLE public.app_user_user_permissions OWNER TO postgres;

--
-- Name: app_user_user_permissions_id_seq; Type: SEQUENCE; Schema: public; Owner: postgres
--

ALTER TABLE public.app_user_user_permissions ALTER COLUMN id ADD GENERATED BY DEFAULT AS IDENTITY (
    SEQUENCE NAME public.app_user_user_permissions_id_seq
    START WITH 1
    INCREMENT BY 1
    NO MINVALUE
    NO MAXVALUE
    CACHE 1
);


--
-- Name: auth_group; Type: TABLE; Schema: public; Owner: postgres
--

CREATE TABLE public.auth_group (
    id integer NOT NULL,
    name character varying(150) NOT NULL
);


ALTER TABLE public.auth_group OWNER TO postgres;

--
-- Name: auth_group_id_seq; Type: SEQUENCE; Schema: public; Owner: postgres
--

ALTER TABLE public.auth_group ALTER COLUMN id ADD GENERATED BY DEFAULT AS IDENTITY (
    SEQUENCE NAME public.auth_group_id_seq
    START WITH 1
    INCREMENT BY 1
    NO MINVALUE
    NO MAXVALUE
    CACHE 1
);


--
-- Name: auth_group_permissions; Type: TABLE; Schema: public; Owner: postgres
--

CREATE TABLE public.auth_group_permissions (
    id bigint NOT NULL,
    group_id integer NOT NULL,
    permission_id integer NOT NULL
);


ALTER TABLE public.auth_group_permissions OWNER TO postgres;

--
-- Name: auth_group_permissions_id_seq; Type: SEQUENCE; Schema: public; Owner: postgres
--

ALTER TABLE public.auth_group_permissions ALTER COLUMN id ADD GENERATED BY DEFAULT AS IDENTITY (
    SEQUENCE NAME public.auth_group_permissions_id_seq
    START WITH 1
    INCREMENT BY 1
    NO MINVALUE
    NO MAXVALUE
    CACHE 1
);


--
-- Name: auth_permission; Type: TABLE; Schema: public; Owner: postgres
--

CREATE TABLE public.auth_permission (
    id integer NOT NULL,
    name character varying(255) NOT NULL,
    content_type_id integer NOT NULL,
    codename character varying(100) NOT NULL
);


ALTER TABLE public.auth_permission OWNER TO postgres;

--
-- Name: auth_permission_id_seq; Type: SEQUENCE; Schema: public; Owner: postgres
--

ALTER TABLE public.auth_permission ALTER COLUMN id ADD GENERATED BY DEFAULT AS IDENTITY (
    SEQUENCE NAME public.auth_permission_id_seq
    START WITH 1
    INCREMENT BY 1
    NO MINVALUE
    NO MAXVALUE
    CACHE 1
);


--
-- Name: django_admin_log; Type: TABLE; Schema: public; Owner: postgres
--

CREATE TABLE public.django_admin_log (
    id integer NOT NULL,
    action_time timestamp with time zone NOT NULL,
    object_id text,
    object_repr character varying(200) NOT NULL,
    action_flag smallint NOT NULL,
    change_message text NOT NULL,
    content_type_id integer,
    user_id bigint NOT NULL,
    CONSTRAINT django_admin_log_action_flag_check CHECK ((action_flag >= 0))
);


ALTER TABLE public.django_admin_log OWNER TO postgres;

--
-- Name: django_admin_log_id_seq; Type: SEQUENCE; Schema: public; Owner: postgres
--

ALTER TABLE public.django_admin_log ALTER COLUMN id ADD GENERATED BY DEFAULT AS IDENTITY (
    SEQUENCE NAME public.django_admin_log_id_seq
    START WITH 1
    INCREMENT BY 1
    NO MINVALUE
    NO MAXVALUE
    CACHE 1
);


--
-- Name: django_content_type; Type: TABLE; Schema: public; Owner: postgres
--

CREATE TABLE public.django_content_type (
    id integer NOT NULL,
    app_label character varying(100) NOT NULL,
    model character varying(100) NOT NULL
);


ALTER TABLE public.django_content_type OWNER TO postgres;

--
-- Name: django_content_type_id_seq; Type: SEQUENCE; Schema: public; Owner: postgres
--

ALTER TABLE public.django_content_type ALTER COLUMN id ADD GENERATED BY DEFAULT AS IDENTITY (
    SEQUENCE NAME public.django_content_type_id_seq
    START WITH 1
    INCREMENT BY 1
    NO MINVALUE
    NO MAXVALUE
    CACHE 1
);


--
-- Name: django_migrations; Type: TABLE; Schema: public; Owner: postgres
--

CREATE TABLE public.django_migrations (
    id bigint NOT NULL,
    app character varying(255) NOT NULL,
    name character varying(255) NOT NULL,
    applied timestamp with time zone NOT NULL
);


ALTER TABLE public.django_migrations OWNER TO postgres;

--
-- Name: django_migrations_id_seq; Type: SEQUENCE; Schema: public; Owner: postgres
--

ALTER TABLE public.django_migrations ALTER COLUMN id ADD GENERATED BY DEFAULT AS IDENTITY (
    SEQUENCE NAME public.django_migrations_id_seq
    START WITH 1
    INCREMENT BY 1
    NO MINVALUE
    NO MAXVALUE
    CACHE 1
);


--
-- Name: django_session; Type: TABLE; Schema: public; Owner: postgres
--

CREATE TABLE public.django_session (
    session_key character varying(40) NOT NULL,
    session_data text NOT NULL,
    expire_date timestamp with time zone NOT NULL
);


ALTER TABLE public.django_session OWNER TO postgres;

--
-- Data for Name: app_comment; Type: TABLE DATA; Schema: public; Owner: postgres
--

COPY public.app_comment (id, text, created_at, updated_at, author_id) FROM stdin;
\.


--
-- Data for Name: app_post; Type: TABLE DATA; Schema: public; Owner: postgres
--

COPY public.app_post (id, title, text, image, created_at, updated_at, author_id) FROM stdin;
2	test_title_2	test_text_2		2023-03-15 21:55:12.831133+03	2023-03-15 21:55:12.831162+03	7
3	test_title_4	test_text_4		2023-03-15 22:10:19.721026+03	2023-03-15 22:10:19.721063+03	6
\.


--
-- Data for Name: app_post_comments; Type: TABLE DATA; Schema: public; Owner: postgres
--

COPY public.app_post_comments (id, post_id, comment_id) FROM stdin;
\.


--
-- Data for Name: app_user; Type: TABLE DATA; Schema: public; Owner: postgres
--

COPY public.app_user (id, password, last_login, is_superuser, username, email, is_staff, date_joined, first_name, last_name, phone_number, date_of_birth, date_created, date_updated, is_active) FROM stdin;
1	pbkdf2_sha256$390000$n4Ya3GlzSam0xFwNjFBs64$HfUKNdYlvzmqxyDm3kXMCJk+VImtDGXLTqlLkG2EO04=	2023-03-15 21:23:17.04337+03	t	admin		t	2023-03-15 21:22:57.436047+03				\N	2023-03-15 21:22:57.532716+03	2023-03-15 21:22:57.532723+03	t
2	pbkdf2_sha256$390000$KfofBJqNRR5jyPcad6WqD7$1SkNz94pRQBxJpO1Dz3kfK6RWG2PedWrMP9tXZ4qZF0=	\N	f	test_user		f	2023-03-15 21:30:03.181278+03	test_name_user	test_last_name_user		2005-12-12	2023-03-15 21:30:03.181632+03	2023-03-15 21:30:03.283089+03	t
3	pbkdf2_sha256$390000$rI0GSVKf5MWjWaaKaRsEHv$72ZTsqOKQjXMZcTZwvrclAmytik+QObDt8m9YSK9fso=	\N	f	test_user_2		f	2023-03-15 21:30:38.643398+03	test_name_user	test_last_name_user	8999978155072	2005-12-12	2023-03-15 21:30:38.643793+03	2023-03-15 21:30:38.722586+03	t
4	pbkdf2_sha256$390000$I8CaVYtrj1YypMlMkI0vb5$PjjWKIWJsQWK5kXMZiVmwwGc4YLEgFnhZvYPKroylDw=	\N	f	test_user_3		f	2023-03-15 21:32:50.88311+03	test_name_user	test_last_name_user	8999978155072	2005-12-12	2023-03-15 21:32:50.883504+03	2023-03-15 21:32:50.978282+03	t
5	pbkdf2_sha256$390000$8XsefvHZtHccAyBX0ovAbA$6JQquj+egFnh0A+iwOJNXfOf5n30gjwtHcKxKcOCUR8=	\N	f	test_user_4		f	2023-03-15 21:34:04.079691+03	test_name_user	test_last_name_user	8999978155072	2005-12-12	2023-03-15 21:34:04.080212+03	2023-03-15 21:34:04.179153+03	t
6	pbkdf2_sha256$390000$EnQfo20P5KEiiQTCrIAP5y$i+z6Iks1fHaEM/QJ1O5TXN6JzUt4cSjbeW7AS/V+iPY=	\N	f	test_user_5		f	2023-03-15 21:40:29.262703+03	test_name_user	test_last_name_user	8999978155072	1999-12-12	2023-03-15 21:40:29.263678+03	2023-03-15 21:40:29.352645+03	t
7	pbkdf2_sha256$390000$yOsTo5lKmWGQZW4sd84FwO$YDYmEfdkJxwz4+I8ZukJDP7Xaz7TLYkScW0w5Wt5snM=	\N	f	test_user_6		f	2023-03-15 21:55:07.512742+03	test_name_user	test_last_name_user	8999978155072	1999-12-12	2023-03-15 21:55:07.513182+03	2023-03-15 21:55:07.61147+03	t
\.


--
-- Data for Name: app_user_groups; Type: TABLE DATA; Schema: public; Owner: postgres
--

COPY public.app_user_groups (id, user_id, group_id) FROM stdin;
\.


--
-- Data for Name: app_user_user_permissions; Type: TABLE DATA; Schema: public; Owner: postgres
--

COPY public.app_user_user_permissions (id, user_id, permission_id) FROM stdin;
\.


--
-- Data for Name: auth_group; Type: TABLE DATA; Schema: public; Owner: postgres
--

COPY public.auth_group (id, name) FROM stdin;
\.


--
-- Data for Name: auth_group_permissions; Type: TABLE DATA; Schema: public; Owner: postgres
--

COPY public.auth_group_permissions (id, group_id, permission_id) FROM stdin;
\.


--
-- Data for Name: auth_permission; Type: TABLE DATA; Schema: public; Owner: postgres
--

COPY public.auth_permission (id, name, content_type_id, codename) FROM stdin;
1	Can add log entry	1	add_logentry
2	Can change log entry	1	change_logentry
3	Can delete log entry	1	delete_logentry
4	Can view log entry	1	view_logentry
5	Can add permission	2	add_permission
6	Can change permission	2	change_permission
7	Can delete permission	2	delete_permission
8	Can view permission	2	view_permission
9	Can add group	3	add_group
10	Can change group	3	change_group
11	Can delete group	3	delete_group
12	Can view group	3	view_group
13	Can add content type	4	add_contenttype
14	Can change content type	4	change_contenttype
15	Can delete content type	4	delete_contenttype
16	Can view content type	4	view_contenttype
17	Can add session	5	add_session
18	Can change session	5	change_session
19	Can delete session	5	delete_session
20	Can view session	5	view_session
21	Can add user	6	add_user
22	Can change user	6	change_user
23	Can delete user	6	delete_user
24	Can view user	6	view_user
25	Can add comment	7	add_comment
26	Can change comment	7	change_comment
27	Can delete comment	7	delete_comment
28	Can view comment	7	view_comment
29	Can add post	8	add_post
30	Can change post	8	change_post
31	Can delete post	8	delete_post
32	Can view post	8	view_post
\.


--
-- Data for Name: django_admin_log; Type: TABLE DATA; Schema: public; Owner: postgres
--

COPY public.django_admin_log (id, action_time, object_id, object_repr, action_flag, change_message, content_type_id, user_id) FROM stdin;
\.


--
-- Data for Name: django_content_type; Type: TABLE DATA; Schema: public; Owner: postgres
--

COPY public.django_content_type (id, app_label, model) FROM stdin;
1	admin	logentry
2	auth	permission
3	auth	group
4	contenttypes	contenttype
5	sessions	session
6	app	user
7	app	comment
8	app	post
\.


--
-- Data for Name: django_migrations; Type: TABLE DATA; Schema: public; Owner: postgres
--

COPY public.django_migrations (id, app, name, applied) FROM stdin;
1	contenttypes	0001_initial	2023-03-15 21:22:43.909744+03
2	contenttypes	0002_remove_content_type_name	2023-03-15 21:22:43.930941+03
3	auth	0001_initial	2023-03-15 21:22:43.970728+03
4	auth	0002_alter_permission_name_max_length	2023-03-15 21:22:43.975228+03
5	auth	0003_alter_user_email_max_length	2023-03-15 21:22:43.97903+03
6	auth	0004_alter_user_username_opts	2023-03-15 21:22:43.982773+03
7	auth	0005_alter_user_last_login_null	2023-03-15 21:22:43.986363+03
8	auth	0006_require_contenttypes_0002	2023-03-15 21:22:43.988026+03
9	auth	0007_alter_validators_add_error_messages	2023-03-15 21:22:43.992418+03
10	auth	0008_alter_user_username_max_length	2023-03-15 21:22:43.996017+03
11	auth	0009_alter_user_last_name_max_length	2023-03-15 21:22:43.999883+03
12	auth	0010_alter_group_name_max_length	2023-03-15 21:22:44.008715+03
13	auth	0011_update_proxy_permissions	2023-03-15 21:22:44.012041+03
14	auth	0012_alter_user_first_name_max_length	2023-03-15 21:22:44.015209+03
15	app	0001_initial	2023-03-15 21:22:44.073237+03
16	admin	0001_initial	2023-03-15 21:22:44.090596+03
17	admin	0002_logentry_remove_auto_add	2023-03-15 21:22:44.096634+03
18	admin	0003_logentry_add_action_flag_choices	2023-03-15 21:22:44.102901+03
19	sessions	0001_initial	2023-03-15 21:22:44.11198+03
\.


--
-- Data for Name: django_session; Type: TABLE DATA; Schema: public; Owner: postgres
--

COPY public.django_session (session_key, session_data, expire_date) FROM stdin;
ejmxqwh2pex1o8mniv0o5cc7lglub16q	.eJxVjEsOwiAUAO_C2hAon4JL9z0DefAeUjWQlHZlvLsh6UK3M5N5swDHXsLRaQsrsiuT7PLLIqQn1SHwAfXeeGp139bIR8JP2_nSkF63s_0bFOhlbMHPUVKWKasJSatMRkcCmFyK1hnvSShhsnFWzckI0B59Jg3WCO0A2ecL-7o4PA:1pcVmP:Wapa_EyQMcSg38zz0Gbz5twx1VwLr4-wwsxV7vY_coU	2023-03-29 21:23:17.046151+03
\.


--
-- Name: app_comment_id_seq; Type: SEQUENCE SET; Schema: public; Owner: postgres
--

SELECT pg_catalog.setval('public.app_comment_id_seq', 1, false);


--
-- Name: app_post_comments_id_seq; Type: SEQUENCE SET; Schema: public; Owner: postgres
--

SELECT pg_catalog.setval('public.app_post_comments_id_seq', 1, false);


--
-- Name: app_post_id_seq; Type: SEQUENCE SET; Schema: public; Owner: postgres
--

SELECT pg_catalog.setval('public.app_post_id_seq', 3, true);


--
-- Name: app_user_groups_id_seq; Type: SEQUENCE SET; Schema: public; Owner: postgres
--

SELECT pg_catalog.setval('public.app_user_groups_id_seq', 1, false);


--
-- Name: app_user_id_seq; Type: SEQUENCE SET; Schema: public; Owner: postgres
--

SELECT pg_catalog.setval('public.app_user_id_seq', 7, true);


--
-- Name: app_user_user_permissions_id_seq; Type: SEQUENCE SET; Schema: public; Owner: postgres
--

SELECT pg_catalog.setval('public.app_user_user_permissions_id_seq', 1, false);


--
-- Name: auth_group_id_seq; Type: SEQUENCE SET; Schema: public; Owner: postgres
--

SELECT pg_catalog.setval('public.auth_group_id_seq', 1, false);


--
-- Name: auth_group_permissions_id_seq; Type: SEQUENCE SET; Schema: public; Owner: postgres
--

SELECT pg_catalog.setval('public.auth_group_permissions_id_seq', 1, false);


--
-- Name: auth_permission_id_seq; Type: SEQUENCE SET; Schema: public; Owner: postgres
--

SELECT pg_catalog.setval('public.auth_permission_id_seq', 32, true);


--
-- Name: django_admin_log_id_seq; Type: SEQUENCE SET; Schema: public; Owner: postgres
--

SELECT pg_catalog.setval('public.django_admin_log_id_seq', 1, false);


--
-- Name: django_content_type_id_seq; Type: SEQUENCE SET; Schema: public; Owner: postgres
--

SELECT pg_catalog.setval('public.django_content_type_id_seq', 8, true);


--
-- Name: django_migrations_id_seq; Type: SEQUENCE SET; Schema: public; Owner: postgres
--

SELECT pg_catalog.setval('public.django_migrations_id_seq', 19, true);


--
-- Name: app_comment app_comment_pkey; Type: CONSTRAINT; Schema: public; Owner: postgres
--

ALTER TABLE ONLY public.app_comment
    ADD CONSTRAINT app_comment_pkey PRIMARY KEY (id);


--
-- Name: app_post_comments app_post_comments_pkey; Type: CONSTRAINT; Schema: public; Owner: postgres
--

ALTER TABLE ONLY public.app_post_comments
    ADD CONSTRAINT app_post_comments_pkey PRIMARY KEY (id);


--
-- Name: app_post_comments app_post_comments_post_id_comment_id_d8b86e3d_uniq; Type: CONSTRAINT; Schema: public; Owner: postgres
--

ALTER TABLE ONLY public.app_post_comments
    ADD CONSTRAINT app_post_comments_post_id_comment_id_d8b86e3d_uniq UNIQUE (post_id, comment_id);


--
-- Name: app_post app_post_pkey; Type: CONSTRAINT; Schema: public; Owner: postgres
--

ALTER TABLE ONLY public.app_post
    ADD CONSTRAINT app_post_pkey PRIMARY KEY (id);


--
-- Name: app_user_groups app_user_groups_pkey; Type: CONSTRAINT; Schema: public; Owner: postgres
--

ALTER TABLE ONLY public.app_user_groups
    ADD CONSTRAINT app_user_groups_pkey PRIMARY KEY (id);


--
-- Name: app_user_groups app_user_groups_user_id_group_id_73b8e940_uniq; Type: CONSTRAINT; Schema: public; Owner: postgres
--

ALTER TABLE ONLY public.app_user_groups
    ADD CONSTRAINT app_user_groups_user_id_group_id_73b8e940_uniq UNIQUE (user_id, group_id);


--
-- Name: app_user app_user_pkey; Type: CONSTRAINT; Schema: public; Owner: postgres
--

ALTER TABLE ONLY public.app_user
    ADD CONSTRAINT app_user_pkey PRIMARY KEY (id);


--
-- Name: app_user_user_permissions app_user_user_permissions_pkey; Type: CONSTRAINT; Schema: public; Owner: postgres
--

ALTER TABLE ONLY public.app_user_user_permissions
    ADD CONSTRAINT app_user_user_permissions_pkey PRIMARY KEY (id);


--
-- Name: app_user_user_permissions app_user_user_permissions_user_id_permission_id_7c8316ce_uniq; Type: CONSTRAINT; Schema: public; Owner: postgres
--

ALTER TABLE ONLY public.app_user_user_permissions
    ADD CONSTRAINT app_user_user_permissions_user_id_permission_id_7c8316ce_uniq UNIQUE (user_id, permission_id);


--
-- Name: app_user app_user_username_key; Type: CONSTRAINT; Schema: public; Owner: postgres
--

ALTER TABLE ONLY public.app_user
    ADD CONSTRAINT app_user_username_key UNIQUE (username);


--
-- Name: auth_group auth_group_name_key; Type: CONSTRAINT; Schema: public; Owner: postgres
--

ALTER TABLE ONLY public.auth_group
    ADD CONSTRAINT auth_group_name_key UNIQUE (name);


--
-- Name: auth_group_permissions auth_group_permissions_group_id_permission_id_0cd325b0_uniq; Type: CONSTRAINT; Schema: public; Owner: postgres
--

ALTER TABLE ONLY public.auth_group_permissions
    ADD CONSTRAINT auth_group_permissions_group_id_permission_id_0cd325b0_uniq UNIQUE (group_id, permission_id);


--
-- Name: auth_group_permissions auth_group_permissions_pkey; Type: CONSTRAINT; Schema: public; Owner: postgres
--

ALTER TABLE ONLY public.auth_group_permissions
    ADD CONSTRAINT auth_group_permissions_pkey PRIMARY KEY (id);


--
-- Name: auth_group auth_group_pkey; Type: CONSTRAINT; Schema: public; Owner: postgres
--

ALTER TABLE ONLY public.auth_group
    ADD CONSTRAINT auth_group_pkey PRIMARY KEY (id);


--
-- Name: auth_permission auth_permission_content_type_id_codename_01ab375a_uniq; Type: CONSTRAINT; Schema: public; Owner: postgres
--

ALTER TABLE ONLY public.auth_permission
    ADD CONSTRAINT auth_permission_content_type_id_codename_01ab375a_uniq UNIQUE (content_type_id, codename);


--
-- Name: auth_permission auth_permission_pkey; Type: CONSTRAINT; Schema: public; Owner: postgres
--

ALTER TABLE ONLY public.auth_permission
    ADD CONSTRAINT auth_permission_pkey PRIMARY KEY (id);


--
-- Name: django_admin_log django_admin_log_pkey; Type: CONSTRAINT; Schema: public; Owner: postgres
--

ALTER TABLE ONLY public.django_admin_log
    ADD CONSTRAINT django_admin_log_pkey PRIMARY KEY (id);


--
-- Name: django_content_type django_content_type_app_label_model_76bd3d3b_uniq; Type: CONSTRAINT; Schema: public; Owner: postgres
--

ALTER TABLE ONLY public.django_content_type
    ADD CONSTRAINT django_content_type_app_label_model_76bd3d3b_uniq UNIQUE (app_label, model);


--
-- Name: django_content_type django_content_type_pkey; Type: CONSTRAINT; Schema: public; Owner: postgres
--

ALTER TABLE ONLY public.django_content_type
    ADD CONSTRAINT django_content_type_pkey PRIMARY KEY (id);


--
-- Name: django_migrations django_migrations_pkey; Type: CONSTRAINT; Schema: public; Owner: postgres
--

ALTER TABLE ONLY public.django_migrations
    ADD CONSTRAINT django_migrations_pkey PRIMARY KEY (id);


--
-- Name: django_session django_session_pkey; Type: CONSTRAINT; Schema: public; Owner: postgres
--

ALTER TABLE ONLY public.django_session
    ADD CONSTRAINT django_session_pkey PRIMARY KEY (session_key);


--
-- Name: app_comment_author_id_2268155b; Type: INDEX; Schema: public; Owner: postgres
--

CREATE INDEX app_comment_author_id_2268155b ON public.app_comment USING btree (author_id);


--
-- Name: app_post_author_id_87e1d289; Type: INDEX; Schema: public; Owner: postgres
--

CREATE INDEX app_post_author_id_87e1d289 ON public.app_post USING btree (author_id);


--
-- Name: app_post_comments_comment_id_49f1e201; Type: INDEX; Schema: public; Owner: postgres
--

CREATE INDEX app_post_comments_comment_id_49f1e201 ON public.app_post_comments USING btree (comment_id);


--
-- Name: app_post_comments_post_id_e2bfb963; Type: INDEX; Schema: public; Owner: postgres
--

CREATE INDEX app_post_comments_post_id_e2bfb963 ON public.app_post_comments USING btree (post_id);


--
-- Name: app_user_groups_group_id_e774d92c; Type: INDEX; Schema: public; Owner: postgres
--

CREATE INDEX app_user_groups_group_id_e774d92c ON public.app_user_groups USING btree (group_id);


--
-- Name: app_user_groups_user_id_e6f878f6; Type: INDEX; Schema: public; Owner: postgres
--

CREATE INDEX app_user_groups_user_id_e6f878f6 ON public.app_user_groups USING btree (user_id);


--
-- Name: app_user_user_permissions_permission_id_4ef8e133; Type: INDEX; Schema: public; Owner: postgres
--

CREATE INDEX app_user_user_permissions_permission_id_4ef8e133 ON public.app_user_user_permissions USING btree (permission_id);


--
-- Name: app_user_user_permissions_user_id_24780b52; Type: INDEX; Schema: public; Owner: postgres
--

CREATE INDEX app_user_user_permissions_user_id_24780b52 ON public.app_user_user_permissions USING btree (user_id);


--
-- Name: app_user_username_9d6296ff_like; Type: INDEX; Schema: public; Owner: postgres
--

CREATE INDEX app_user_username_9d6296ff_like ON public.app_user USING btree (username varchar_pattern_ops);


--
-- Name: auth_group_name_a6ea08ec_like; Type: INDEX; Schema: public; Owner: postgres
--

CREATE INDEX auth_group_name_a6ea08ec_like ON public.auth_group USING btree (name varchar_pattern_ops);


--
-- Name: auth_group_permissions_group_id_b120cbf9; Type: INDEX; Schema: public; Owner: postgres
--

CREATE INDEX auth_group_permissions_group_id_b120cbf9 ON public.auth_group_permissions USING btree (group_id);


--
-- Name: auth_group_permissions_permission_id_84c5c92e; Type: INDEX; Schema: public; Owner: postgres
--

CREATE INDEX auth_group_permissions_permission_id_84c5c92e ON public.auth_group_permissions USING btree (permission_id);


--
-- Name: auth_permission_content_type_id_2f476e4b; Type: INDEX; Schema: public; Owner: postgres
--

CREATE INDEX auth_permission_content_type_id_2f476e4b ON public.auth_permission USING btree (content_type_id);


--
-- Name: django_admin_log_content_type_id_c4bce8eb; Type: INDEX; Schema: public; Owner: postgres
--

CREATE INDEX django_admin_log_content_type_id_c4bce8eb ON public.django_admin_log USING btree (content_type_id);


--
-- Name: django_admin_log_user_id_c564eba6; Type: INDEX; Schema: public; Owner: postgres
--

CREATE INDEX django_admin_log_user_id_c564eba6 ON public.django_admin_log USING btree (user_id);


--
-- Name: django_session_expire_date_a5c62663; Type: INDEX; Schema: public; Owner: postgres
--

CREATE INDEX django_session_expire_date_a5c62663 ON public.django_session USING btree (expire_date);


--
-- Name: django_session_session_key_c0390e0f_like; Type: INDEX; Schema: public; Owner: postgres
--

CREATE INDEX django_session_session_key_c0390e0f_like ON public.django_session USING btree (session_key varchar_pattern_ops);


--
-- Name: app_comment app_comment_author_id_2268155b_fk_app_user_id; Type: FK CONSTRAINT; Schema: public; Owner: postgres
--

ALTER TABLE ONLY public.app_comment
    ADD CONSTRAINT app_comment_author_id_2268155b_fk_app_user_id FOREIGN KEY (author_id) REFERENCES public.app_user(id) DEFERRABLE INITIALLY DEFERRED;


--
-- Name: app_post app_post_author_id_87e1d289_fk_app_user_id; Type: FK CONSTRAINT; Schema: public; Owner: postgres
--

ALTER TABLE ONLY public.app_post
    ADD CONSTRAINT app_post_author_id_87e1d289_fk_app_user_id FOREIGN KEY (author_id) REFERENCES public.app_user(id) DEFERRABLE INITIALLY DEFERRED;


--
-- Name: app_post_comments app_post_comments_comment_id_49f1e201_fk_app_comment_id; Type: FK CONSTRAINT; Schema: public; Owner: postgres
--

ALTER TABLE ONLY public.app_post_comments
    ADD CONSTRAINT app_post_comments_comment_id_49f1e201_fk_app_comment_id FOREIGN KEY (comment_id) REFERENCES public.app_comment(id) DEFERRABLE INITIALLY DEFERRED;


--
-- Name: app_post_comments app_post_comments_post_id_e2bfb963_fk_app_post_id; Type: FK CONSTRAINT; Schema: public; Owner: postgres
--

ALTER TABLE ONLY public.app_post_comments
    ADD CONSTRAINT app_post_comments_post_id_e2bfb963_fk_app_post_id FOREIGN KEY (post_id) REFERENCES public.app_post(id) DEFERRABLE INITIALLY DEFERRED;


--
-- Name: app_user_groups app_user_groups_group_id_e774d92c_fk_auth_group_id; Type: FK CONSTRAINT; Schema: public; Owner: postgres
--

ALTER TABLE ONLY public.app_user_groups
    ADD CONSTRAINT app_user_groups_group_id_e774d92c_fk_auth_group_id FOREIGN KEY (group_id) REFERENCES public.auth_group(id) DEFERRABLE INITIALLY DEFERRED;


--
-- Name: app_user_groups app_user_groups_user_id_e6f878f6_fk_app_user_id; Type: FK CONSTRAINT; Schema: public; Owner: postgres
--

ALTER TABLE ONLY public.app_user_groups
    ADD CONSTRAINT app_user_groups_user_id_e6f878f6_fk_app_user_id FOREIGN KEY (user_id) REFERENCES public.app_user(id) DEFERRABLE INITIALLY DEFERRED;


--
-- Name: app_user_user_permissions app_user_user_permis_permission_id_4ef8e133_fk_auth_perm; Type: FK CONSTRAINT; Schema: public; Owner: postgres
--

ALTER TABLE ONLY public.app_user_user_permissions
    ADD CONSTRAINT app_user_user_permis_permission_id_4ef8e133_fk_auth_perm FOREIGN KEY (permission_id) REFERENCES public.auth_permission(id) DEFERRABLE INITIALLY DEFERRED;


--
-- Name: app_user_user_permissions app_user_user_permissions_user_id_24780b52_fk_app_user_id; Type: FK CONSTRAINT; Schema: public; Owner: postgres
--

ALTER TABLE ONLY public.app_user_user_permissions
    ADD CONSTRAINT app_user_user_permissions_user_id_24780b52_fk_app_user_id FOREIGN KEY (user_id) REFERENCES public.app_user(id) DEFERRABLE INITIALLY DEFERRED;


--
-- Name: auth_group_permissions auth_group_permissio_permission_id_84c5c92e_fk_auth_perm; Type: FK CONSTRAINT; Schema: public; Owner: postgres
--

ALTER TABLE ONLY public.auth_group_permissions
    ADD CONSTRAINT auth_group_permissio_permission_id_84c5c92e_fk_auth_perm FOREIGN KEY (permission_id) REFERENCES public.auth_permission(id) DEFERRABLE INITIALLY DEFERRED;


--
-- Name: auth_group_permissions auth_group_permissions_group_id_b120cbf9_fk_auth_group_id; Type: FK CONSTRAINT; Schema: public; Owner: postgres
--

ALTER TABLE ONLY public.auth_group_permissions
    ADD CONSTRAINT auth_group_permissions_group_id_b120cbf9_fk_auth_group_id FOREIGN KEY (group_id) REFERENCES public.auth_group(id) DEFERRABLE INITIALLY DEFERRED;


--
-- Name: auth_permission auth_permission_content_type_id_2f476e4b_fk_django_co; Type: FK CONSTRAINT; Schema: public; Owner: postgres
--

ALTER TABLE ONLY public.auth_permission
    ADD CONSTRAINT auth_permission_content_type_id_2f476e4b_fk_django_co FOREIGN KEY (content_type_id) REFERENCES public.django_content_type(id) DEFERRABLE INITIALLY DEFERRED;


--
-- Name: django_admin_log django_admin_log_content_type_id_c4bce8eb_fk_django_co; Type: FK CONSTRAINT; Schema: public; Owner: postgres
--

ALTER TABLE ONLY public.django_admin_log
    ADD CONSTRAINT django_admin_log_content_type_id_c4bce8eb_fk_django_co FOREIGN KEY (content_type_id) REFERENCES public.django_content_type(id) DEFERRABLE INITIALLY DEFERRED;


--
-- Name: django_admin_log django_admin_log_user_id_c564eba6_fk_app_user_id; Type: FK CONSTRAINT; Schema: public; Owner: postgres
--

ALTER TABLE ONLY public.django_admin_log
    ADD CONSTRAINT django_admin_log_user_id_c564eba6_fk_app_user_id FOREIGN KEY (user_id) REFERENCES public.app_user(id) DEFERRABLE INITIALLY DEFERRED;


--
-- PostgreSQL database dump complete
--

